endpoint_identifier,entry_idx,output
https://seshat-db.com/api/ec/luxury-food/,0,"Thinking Process:

1.  **Analyze the Request:**
    *   **Role:** History professor writing challenging questions for PhD students.
    *   **Task:** Create a challenging yet well-defined historical exam question based on a variable definition from a historical dataset.
    *   **Input:** Variable name: `Luxury_food`, Variable description: (Empty/Not provided in the prompt, but I need to infer or use the variable name as basis based on rule 1).
    *   **Rules:**
        1.  Begin with a concise explanation of the variable's definition (strictly adhering to provided description if available, otherwise use variable name). *Correction:* The prompt shows `""Variable description"":`"
https://seshat-db.com/api/ec/luxury-food/,1,"Thinking Process:

1.  **Analyze the Request:**
    *   **Role:** History professor writing challenging questions for PhD students.
    *   **Task:** Create a challenging yet well-defined historical exam question based on a variable definition from a historical dataset.
    *   **Input:** Variable name: `Luxury_food`, Variable description: (Empty/Not provided in the prompt, but I need to infer or use the variable name as basis based on rule 1).
    *   **Rules:**
        1.  Begin with a concise explanation of the variable's definition (strictly adhering to provided description if available, otherwise use variable name). *Correction:* The prompt shows `""Variable description"":`"
https://seshat-db.com/api/ec/luxury-food/,2,"Thinking Process:

1.  **Analyze the Request:**
    *   **Role:** History professor writing challenging questions for PhD students.
    *   **Task:** Create a challenging yet well-defined historical exam question based on a variable definition from a historical dataset.
    *   **Input:** Variable name: `Luxury_food`, Variable description: (Empty/Not provided in the prompt, but I need to infer or use the variable name as basis based on rule 1).
    *   **Rules:**
        1.  Begin with a concise explanation of the variable's definition (strictly adhering to provided description if available, otherwise use variable name). *Correction:* The prompt shows `""Variable description"":`"
https://seshat-db.com/api/ec/luxury-food/,3,"Thinking Process:

1.  **Analyze the Request:**
    *   **Role:** History professor writing challenging questions for PhD students.
    *   **Task:** Create a challenging yet well-defined historical exam question based on a variable definition from a historical dataset.
    *   **Input:** Variable name: `Luxury_food`, Variable description: (Empty/Not provided in the prompt, but I need to infer or use the variable name as basis based on rule 1).
    *   **Rules:**
        1.  Begin with a concise explanation of the variable's definition (strictly adhering to provided description if available, otherwise use variable name). *Correction:* The prompt shows `""Variable description"":`"
https://seshat-db.com/api/ec/luxury-food/,4,"Thinking Process:

1.  **Analyze the Request:**
    *   **Role:** History professor writing challenging questions for PhD students.
    *   **Task:** Create a challenging yet well-defined historical exam question based on a variable definition from a historical dataset.
    *   **Input:** Variable name: `Luxury_food`, Variable description: (Empty/Not provided in the prompt, but I need to infer or use the variable name as basis based on rule 1).
    *   **Rules:**
        1.  Begin with a concise explanation of the variable's definition (strictly adhering to provided description if available, otherwise use variable name). *Correction:* The prompt shows `""Variable description"":`"
https://seshat-db.com/api/ec/luxury-food/,5,"Thinking Process:

1.  **Analyze the Request:**
    *   **Role:** History professor writing challenging questions for PhD students.
    *   **Task:** Create a challenging yet well-defined historical exam question based on a variable definition from a historical dataset.
    *   **Input:** Variable name: `Luxury_food`, Variable description: (Empty/Not provided in the prompt, but I need to infer or use the variable name as basis based on rule 1).
    *   **Rules:**
        1.  Begin with a concise explanation of the variable's definition (strictly adhering to provided description if available, otherwise use variable name). *Correction:* The prompt shows `""Variable description"":`"
https://seshat-db.com/api/ec/luxury-food/,6,"Thinking Process:

1.  **Analyze the Request:**
    *   **Role:** History professor writing challenging questions for PhD students.
    *   **Task:** Create a challenging yet well-defined historical exam question based on a variable definition from a historical dataset.
    *   **Input:** Variable name: `Luxury_food`, Variable description: (Empty/Not provided in the prompt, but I need to infer or use the variable name as basis based on rule 1).
    *   **Rules:**
        1.  Begin with a concise explanation of the variable's definition (strictly adhering to provided description if available, otherwise use variable name). *Correction:* The prompt shows `""Variable description"":`"
https://seshat-db.com/api/ec/luxury-food/,7,"Thinking Process:

1.  **Analyze the Request:**
    *   **Role:** History professor writing challenging questions for PhD students.
    *   **Task:** Create a challenging yet well-defined historical exam question based on a variable definition from a historical dataset.
    *   **Input:** Variable name: `Luxury_food`, Variable description: (Empty/Not provided in the prompt, but I need to infer or use the variable name as basis based on rule 1).
    *   **Rules:**
        1.  Begin with a concise explanation of the variable's definition (strictly adhering to provided description if available, otherwise use variable name). *Correction:* The prompt shows `""Variable description"":`"
https://seshat-db.com/api/ec/luxury-food/,8,"Thinking Process:

1.  **Analyze the Request:**
    *   **Role:** History professor writing challenging questions for PhD students.
    *   **Task:** Create a challenging yet well-defined historical exam question based on a variable definition from a historical dataset.
    *   **Input:** Variable name: `Luxury_food`, Variable description: (Empty/Not provided in the prompt, but I need to infer or use the variable name as basis based on rule 1).
    *   **Rules:**
        1.  Begin with a concise explanation of the variable's definition (strictly adhering to provided description if available, otherwise use variable name). *Correction:* The prompt shows `""Variable description"":`"
https://seshat-db.com/api/ec/luxury-food/,9,"Thinking Process:

1.  **Analyze the Request:**
    *   **Role:** History professor writing challenging questions for PhD students.
    *   **Task:** Create a challenging yet well-defined historical exam question based on a variable definition from a historical dataset.
    *   **Input:** Variable name: `Luxury_food`, Variable description: (Empty/Not provided in the prompt, but I need to infer or use the variable name as basis based on rule 1).
    *   **Rules:**
        1.  Begin with a concise explanation of the variable's definition (strictly adhering to provided description if available, otherwise use variable name). *Correction:* The prompt shows `""Variable description"":`"
https://seshat-db.com/api/ec/luxury-food/,10,"Thinking Process:

1.  **Analyze the Request:**
    *   **Role:** History professor writing challenging questions for PhD students.
    *   **Task:** Create a challenging yet well-defined historical exam question based on a variable definition from a historical dataset.
    *   **Input:** Variable name: `Luxury_food`, Variable description: (Empty/Not provided in the prompt, but I need to infer or use the variable name as basis based on rule 1).
    *   **Rules:**
        1.  Begin with a concise explanation of the variable's definition (strictly adhering to provided description if available, otherwise use variable name). *Correction:* The prompt shows `""Variable description"":`"
https://seshat-db.com/api/ec/luxury-food/,11,"Thinking Process:

1.  **Analyze the Request:**
    *   **Role:** History professor writing challenging questions for PhD students.
    *   **Task:** Create a challenging yet well-defined historical exam question based on a variable definition from a historical dataset.
    *   **Input:** Variable name: `Luxury_food`, Variable description: (Empty/Not provided in the prompt, but I need to infer or use the variable name as basis based on rule 1).
    *   **Rules:**
        1.  Begin with a concise explanation of the variable's definition (strictly adhering to provided description if available, otherwise use variable name). *Correction:* The prompt shows `""Variable description"":`"
https://seshat-db.com/api/ec/luxury-food/,12,"Thinking Process:

1.  **Analyze the Request:**
    *   **Role:** History professor writing challenging questions for PhD students.
    *   **Task:** Create a challenging yet well-defined historical exam question based on a variable definition from a historical dataset.
    *   **Input:** Variable name: `Luxury_food`, Variable description: (Empty/Not provided in the prompt, but I need to infer or use the variable name as basis based on rule 1).
    *   **Rules:**
        1.  Begin with a concise explanation of the variable's definition (strictly adhering to provided description if available, otherwise use variable name). *Correction:* The prompt shows `""Variable description"":`"
https://seshat-db.com/api/ec/luxury-food/,13,"Thinking Process:

1.  **Analyze the Request:**
    *   **Role:** History professor writing challenging questions for PhD students.
    *   **Task:** Create a challenging yet well-defined historical exam question based on a variable definition from a historical dataset.
    *   **Input:** Variable name: `Luxury_food`, Variable description: (Empty/Not provided in the prompt, but I need to infer or use the variable name as basis based on rule 1).
    *   **Rules:**
        1.  Begin with a concise explanation of the variable's definition (strictly adhering to provided description if available, otherwise use variable name). *Correction:* The prompt shows `""Variable description"":`"
https://seshat-db.com/api/ec/luxury-food/,14,"Thinking Process:

1.  **Analyze the Request:**
    *   **Role:** History professor writing challenging questions for PhD students.
    *   **Task:** Create a challenging yet well-defined historical exam question based on a variable definition from a historical dataset.
    *   **Input:** Variable name: `Luxury_food`, Variable description: (Empty/Not provided in the prompt, but I need to infer or use the variable name as basis based on rule 1).
    *   **Rules:**
        1.  Begin with a concise explanation of the variable's definition (strictly adhering to provided description if available, otherwise use variable name). *Correction:* The prompt shows `""Variable description"":`"
https://seshat-db.com/api/ec/luxury-food/,15,"Thinking Process:

1.  **Analyze the Request:**
    *   **Role:** History professor writing challenging questions for PhD students.
    *   **Task:** Create a challenging yet well-defined historical exam question based on a variable definition from a historical dataset.
    *   **Input:** Variable name: `Luxury_food`, Variable description: (Empty/Not provided in the prompt, but I need to infer or use the variable name as basis based on rule 1).
    *   **Rules:**
        1.  Begin with a concise explanation of the variable's definition (strictly adhering to provided description if available, otherwise use variable name). *Correction:* The prompt shows `""Variable description"":`"
https://seshat-db.com/api/ec/luxury-food/,16,"Thinking Process:

1.  **Analyze the Request:**
    *   **Role:** History professor writing challenging questions for PhD students.
    *   **Task:** Create a challenging yet well-defined historical exam question based on a variable definition from a historical dataset.
    *   **Input:** Variable name: `Luxury_food`, Variable description: (Empty/Not provided in the prompt, but I need to infer or use the variable name as basis based on rule 1).
    *   **Rules:**
        1.  Begin with a concise explanation of the variable's definition (strictly adhering to provided description if available, otherwise use variable name). *Correction:* The prompt shows `""Variable description"":`"
https://seshat-db.com/api/ec/luxury-food/,17,"Thinking Process:

1.  **Analyze the Request:**
    *   **Role:** History professor writing challenging questions for PhD students.
    *   **Task:** Create a challenging yet well-defined historical exam question based on a variable definition from a historical dataset.
    *   **Input:** Variable name: `Luxury_food`, Variable description: (Empty/Not provided in the prompt, but I need to infer or use the variable name as basis based on rule 1).
    *   **Rules:**
        1.  Begin with a concise explanation of the variable's definition (strictly adhering to provided description if available, otherwise use variable name). *Correction:* The prompt shows `""Variable description"":`"
https://seshat-db.com/api/ec/luxury-food/,18,"Thinking Process:

1.  **Analyze the Request:**
    *   **Role:** History professor writing challenging questions for PhD students.
    *   **Task:** Create a challenging yet well-defined historical exam question based on a variable definition from a historical dataset.
    *   **Input:** Variable name: `Luxury_food`, Variable description: (Empty/Not provided in the prompt, but I need to infer or use the variable name as basis based on rule 1).
    *   **Rules:**
        1.  Begin with a concise explanation of the variable's definition (strictly adhering to provided description if available, otherwise use variable name). *Correction:* The prompt shows `""Variable description"":`"
https://seshat-db.com/api/ec/luxury-food/,19,"Thinking Process:

1.  **Analyze the Request:**
    *   **Role:** History professor writing challenging questions for PhD students.
    *   **Task:** Create a challenging yet well-defined historical exam question based on a variable definition from a historical dataset.
    *   **Input:** Variable name: `Luxury_food`, Variable description: (Empty/Not provided in the prompt, but I need to infer or use the variable name as basis based on rule 1).
    *   **Rules:**
        1.  Begin with a concise explanation of the variable's definition (strictly adhering to provided description if available, otherwise use variable name). *Correction:* The prompt shows `""Variable description"":`"
https://seshat-db.com/api/ec/luxury-food/,20,"Thinking Process:

1.  **Analyze the Request:**
    *   **Role:** History professor writing challenging questions for PhD students.
    *   **Task:** Create a challenging yet well-defined historical exam question based on a variable definition from a historical dataset.
    *   **Input:** Variable name: `Luxury_food`, Variable description: (Empty/Not provided in the prompt, but I need to infer or use the variable name as basis based on rule 1).
    *   **Rules:**
        1.  Begin with a concise explanation of the variable's definition (strictly adhering to provided description if available, otherwise use variable name). *Correction:* The prompt shows `""Variable description"":`"
https://seshat-db.com/api/ec/luxury-food/,21,"Thinking Process:

1.  **Analyze the Request:**
    *   **Role:** History professor writing challenging questions for PhD students.
    *   **Task:** Create a challenging yet well-defined historical exam question based on a variable definition from a historical dataset.
    *   **Input:** Variable name: `Luxury_food`, Variable description: (Empty/Not provided in the prompt, but I need to infer or use the variable name as basis based on rule 1).
    *   **Rules:**
        1.  Begin with a concise explanation of the variable's definition (strictly adhering to provided description if available, otherwise use variable name). *Correction:* The prompt shows `""Variable description"":`"
https://seshat-db.com/api/ec/luxury-food/,22,"Thinking Process:

1.  **Analyze the Request:**
    *   **Role:** History professor writing challenging questions for PhD students.
    *   **Task:** Create a challenging yet well-defined historical exam question based on a variable definition from a historical dataset.
    *   **Input:** Variable name: `Luxury_food`, Variable description: (Empty/Not provided in the prompt, but I need to infer or use the variable name as basis based on rule 1).
    *   **Rules:**
        1.  Begin with a concise explanation of the variable's definition (strictly adhering to provided description if available, otherwise use variable name). *Correction:* The prompt shows `""Variable description"":`"
https://seshat-db.com/api/ec/luxury-food/,23,"Thinking Process:

1.  **Analyze the Request:**
    *   **Role:** History professor writing challenging questions for PhD students.
    *   **Task:** Create a challenging yet well-defined historical exam question based on a variable definition from a historical dataset.
    *   **Input:** Variable name: `Luxury_food`, Variable description: (Empty/Not provided in the prompt, but I need to infer or use the variable name as basis based on rule 1).
    *   **Rules:**
        1.  Begin with a concise explanation of the variable's definition (strictly adhering to provided description if available, otherwise use variable name). *Correction:* The prompt shows `""Variable description"":`"
https://seshat-db.com/api/ec/luxury-food/,24,"Thinking Process:

1.  **Analyze the Request:**
    *   **Role:** History professor writing challenging questions for PhD students.
    *   **Task:** Create a challenging yet well-defined historical exam question based on a variable definition from a historical dataset.
    *   **Input:** Variable name: `Luxury_food`, Variable description: (Empty/Not provided in the prompt, but I need to infer or use the variable name as basis based on rule 1).
    *   **Rules:**
        1.  Begin with a concise explanation of the variable's definition (strictly adhering to provided description if available, otherwise use variable name). *Correction:* The prompt shows `""Variable description"":`"
https://seshat-db.com/api/ec/luxury-food/,25,"Thinking Process:

1.  **Analyze the Request:**
    *   **Role:** History professor writing challenging questions for PhD students.
    *   **Task:** Create a challenging yet well-defined historical exam question based on a variable definition from a historical dataset.
    *   **Input:** Variable name: `Luxury_food`, Variable description: (Empty/Not provided in the prompt, but I need to infer or use the variable name as basis based on rule 1).
    *   **Rules:**
        1.  Begin with a concise explanation of the variable's definition (strictly adhering to provided description if available, otherwise use variable name). *Correction:* The prompt shows `""Variable description"":`"
https://seshat-db.com/api/ec/luxury-food/,26,"Thinking Process:

1.  **Analyze the Request:**
    *   **Role:** History professor writing challenging questions for PhD students.
    *   **Task:** Create a challenging yet well-defined historical exam question based on a variable definition from a historical dataset.
    *   **Input:** Variable name: `Luxury_food`, Variable description: (Empty/Not provided in the prompt, but I need to infer or use the variable name as basis based on rule 1).
    *   **Rules:**
        1.  Begin with a concise explanation of the variable's definition (strictly adhering to provided description if available, otherwise use variable name). *Correction:* The prompt shows `""Variable description"":`"
https://seshat-db.com/api/ec/luxury-food/,27,"Thinking Process:

1.  **Analyze the Request:**
    *   **Role:** History professor writing challenging questions for PhD students.
    *   **Task:** Create a challenging yet well-defined historical exam question based on a variable definition from a historical dataset.
    *   **Input:** Variable name: `Luxury_food`, Variable description: (Empty/Not provided in the prompt, but I need to infer or use the variable name as basis based on rule 1).
    *   **Rules:**
        1.  Begin with a concise explanation of the variable's definition (strictly adhering to provided description if available, otherwise use variable name). *Correction:* The prompt shows `""Variable description"":`"
https://seshat-db.com/api/ec/luxury-food/,28,"Thinking Process:

1.  **Analyze the Request:**
    *   **Role:** History professor writing challenging questions for PhD students.
    *   **Task:** Create a challenging yet well-defined historical exam question based on a variable definition from a historical dataset.
    *   **Input:** Variable name: `Luxury_food`, Variable description: (Empty/Not provided in the prompt, but I need to infer or use the variable name as basis based on rule 1).
    *   **Rules:**
        1.  Begin with a concise explanation of the variable's definition (strictly adhering to provided description if available, otherwise use variable name). *Correction:* The prompt shows `""Variable description"":`"
https://seshat-db.com/api/ec/luxury-food/,29,"Thinking Process:

1.  **Analyze the Request:**
    *   **Role:** History professor writing challenging questions for PhD students.
    *   **Task:** Create a challenging yet well-defined historical exam question based on a variable definition from a historical dataset.
    *   **Input:** Variable name: `Luxury_food`, Variable description: (Empty/Not provided in the prompt, but I need to infer or use the variable name as basis based on rule 1).
    *   **Rules:**
        1.  Begin with a concise explanation of the variable's definition (strictly adhering to provided description if available, otherwise use variable name). *Correction:* The prompt shows `""Variable description"":`"
https://seshat-db.com/api/ec/luxury-food/,30,"Thinking Process:

1.  **Analyze the Request:**
    *   **Role:** History professor writing challenging questions for PhD students.
    *   **Task:** Create a challenging yet well-defined historical exam question based on a variable definition from a historical dataset.
    *   **Input:** Variable name: `Luxury_food`, Variable description: (Empty/Not provided in the prompt, but I need to infer or use the variable name as basis based on rule 1).
    *   **Rules:**
        1.  Begin with a concise explanation of the variable's definition (strictly adhering to provided description if available, otherwise use variable name). *Correction:* The prompt shows `""Variable description"":`"
https://seshat-db.com/api/ec/luxury-food/,31,"Thinking Process:

1.  **Analyze the Request:**
    *   **Role:** History professor writing challenging questions for PhD students.
    *   **Task:** Create a challenging yet well-defined historical exam question based on a variable definition from a historical dataset.
    *   **Input:** Variable name: `Luxury_food`, Variable description: (Empty/Not provided in the prompt, but I need to infer or use the variable name as basis based on rule 1).
    *   **Rules:**
        1.  Begin with a concise explanation of the variable's definition (strictly adhering to provided description if available, otherwise use variable name). *Correction:* The prompt shows `""Variable description"":`"
https://seshat-db.com/api/ec/luxury-food/,32,"Thinking Process:

1.  **Analyze the Request:**
    *   **Role:** History professor writing challenging questions for PhD students.
    *   **Task:** Create a challenging yet well-defined historical exam question based on a variable definition from a historical dataset.
    *   **Input:** Variable name: `Luxury_food`, Variable description: (Empty/Not provided in the prompt, but I need to infer or use the variable name as basis based on rule 1).
    *   **Rules:**
        1.  Begin with a concise explanation of the variable's definition (strictly adhering to provided description if available, otherwise use variable name). *Correction:* The prompt shows `""Variable description"":`"
https://seshat-db.com/api/ec/luxury-food/,33,"Thinking Process:

1.  **Analyze the Request:**
    *   **Role:** History professor writing challenging questions for PhD students.
    *   **Task:** Create a challenging yet well-defined historical exam question based on a variable definition from a historical dataset.
    *   **Input:** Variable name: `Luxury_food`, Variable description: (Empty/Not provided in the prompt, but I need to infer or use the variable name as basis based on rule 1).
    *   **Rules:**
        1.  Begin with a concise explanation of the variable's definition (strictly adhering to provided description if available, otherwise use variable name). *Correction:* The prompt shows `""Variable description"":`"
https://seshat-db.com/api/ec/luxury-food/,34,"Thinking Process:

1.  **Analyze the Request:**
    *   **Role:** History professor writing challenging questions for PhD students.
    *   **Task:** Create a challenging yet well-defined historical exam question based on a variable definition from a historical dataset.
    *   **Input:** Variable name: `Luxury_food`, Variable description: (Empty/Not provided in the prompt, but I need to infer or use the variable name as basis based on rule 1).
    *   **Rules:**
        1.  Begin with a concise explanation of the variable's definition (strictly adhering to provided description if available, otherwise use variable name). *Correction:* The prompt shows `""Variable description"":`"
https://seshat-db.com/api/ec/luxury-food/,35,"Thinking Process:

1.  **Analyze the Request:**
    *   **Role:** History professor writing challenging questions for PhD students.
    *   **Task:** Create a challenging yet well-defined historical exam question based on a variable definition from a historical dataset.
    *   **Input:** Variable name: `Luxury_food`, Variable description: (Empty/Not provided in the prompt, but I need to infer or use the variable name as basis based on rule 1).
    *   **Rules:**
        1.  Begin with a concise explanation of the variable's definition (strictly adhering to provided description if available, otherwise use variable name). *Correction:* The prompt shows `""Variable description"":`"
https://seshat-db.com/api/ec/luxury-food/,36,"Thinking Process:

1.  **Analyze the Request:**
    *   **Role:** History professor writing challenging questions for PhD students.
    *   **Task:** Create a challenging yet well-defined historical exam question based on a variable definition from a historical dataset.
    *   **Input:** Variable name: `Luxury_food`, Variable description: (Empty/Not provided in the prompt, but I need to infer or use the variable name as basis based on rule 1).
    *   **Rules:**
        1.  Begin with a concise explanation of the variable's definition (strictly adhering to provided description if available, otherwise use variable name). *Correction:* The prompt shows `""Variable description"":`"
https://seshat-db.com/api/ec/luxury-food/,37,"Thinking Process:

1.  **Analyze the Request:**
    *   **Role:** History professor writing challenging questions for PhD students.
    *   **Task:** Create a challenging yet well-defined historical exam question based on a variable definition from a historical dataset.
    *   **Input:** Variable name: `Luxury_food`, Variable description: (Empty/Not provided in the prompt, but I need to infer or use the variable name as basis based on rule 1).
    *   **Rules:**
        1.  Begin with a concise explanation of the variable's definition (strictly adhering to provided description if available, otherwise use variable name). *Correction:* The prompt shows `""Variable description"":`"
https://seshat-db.com/api/ec/luxury-food/,38,"Thinking Process:

1.  **Analyze the Request:**
    *   **Role:** History professor writing challenging questions for PhD students.
    *   **Task:** Create a challenging yet well-defined historical exam question based on a variable definition from a historical dataset.
    *   **Input:** Variable name: `Luxury_food`, Variable description: (Empty/Not provided in the prompt, but I need to infer or use the variable name as basis based on rule 1).
    *   **Rules:**
        1.  Begin with a concise explanation of the variable's definition (strictly adhering to provided description if available, otherwise use variable name). *Correction:* The prompt shows `""Variable description"":`"
https://seshat-db.com/api/ec/luxury-food/,39,"Thinking Process:

1.  **Analyze the Request:**
    *   **Role:** History professor writing challenging questions for PhD students.
    *   **Task:** Create a challenging yet well-defined historical exam question based on a variable definition from a historical dataset.
    *   **Input:** Variable name: `Luxury_food`, Variable description: (Empty/Not provided in the prompt, but I need to infer or use the variable name as basis based on rule 1).
    *   **Rules:**
        1.  Begin with a concise explanation of the variable's definition (strictly adhering to provided description if available, otherwise use variable name). *Correction:* The prompt shows `""Variable description"":`"
https://seshat-db.com/api/ec/luxury-food/,40,"Thinking Process:

1.  **Analyze the Request:**
    *   **Role:** History professor writing challenging questions for PhD students.
    *   **Task:** Create a challenging yet well-defined historical exam question based on a variable definition from a historical dataset.
    *   **Input:** Variable name: `Luxury_food`, Variable description: (Empty/Not provided in the prompt, but I need to infer or use the variable name as basis based on rule 1).
    *   **Rules:**
        1.  Begin with a concise explanation of the variable's definition (strictly adhering to provided description if available, otherwise use variable name). *Correction:* The prompt shows `""Variable description"":`"
https://seshat-db.com/api/ec/luxury-food/,41,"Thinking Process:

1.  **Analyze the Request:**
    *   **Role:** History professor writing challenging questions for PhD students.
    *   **Task:** Create a challenging yet well-defined historical exam question based on a variable definition from a historical dataset.
    *   **Input:** Variable name: `Luxury_food`, Variable description: (Empty/Not provided in the prompt, but I need to infer or use the variable name as basis based on rule 1).
    *   **Rules:**
        1.  Begin with a concise explanation of the variable's definition (strictly adhering to provided description if available, otherwise use variable name). *Correction:* The prompt shows `""Variable description"":`"
https://seshat-db.com/api/ec/luxury-food/,42,"Thinking Process:

1.  **Analyze the Request:**
    *   **Role:** History professor writing challenging questions for PhD students.
    *   **Task:** Create a challenging yet well-defined historical exam question based on a variable definition from a historical dataset.
    *   **Input:** Variable name: `Luxury_food`, Variable description: (Empty/Not provided in the prompt, but I need to infer or use the variable name as basis based on rule 1).
    *   **Rules:**
        1.  Begin with a concise explanation of the variable's definition (strictly adhering to provided description if available, otherwise use variable name). *Correction:* The prompt shows `""Variable description"":`"
https://seshat-db.com/api/ec/luxury-food/,43,"Thinking Process:

1.  **Analyze the Request:**
    *   **Role:** History professor writing challenging questions for PhD students.
    *   **Task:** Create a challenging yet well-defined historical exam question based on a variable definition from a historical dataset.
    *   **Input:** Variable name: `Luxury_food`, Variable description: (Empty/Not provided in the prompt, but I need to infer or use the variable name as basis based on rule 1).
    *   **Rules:**
        1.  Begin with a concise explanation of the variable's definition (strictly adhering to provided description if available, otherwise use variable name). *Correction:* The prompt shows `""Variable description"":`"
https://seshat-db.com/api/ec/luxury-food/,44,"Thinking Process:

1.  **Analyze the Request:**
    *   **Role:** History professor writing challenging questions for PhD students.
    *   **Task:** Create a challenging yet well-defined historical exam question based on a variable definition from a historical dataset.
    *   **Input:** Variable name: `Luxury_food`, Variable description: (Empty/Not provided in the prompt, but I need to infer or use the variable name as basis based on rule 1).
    *   **Rules:**
        1.  Begin with a concise explanation of the variable's definition (strictly adhering to provided description if available, otherwise use variable name). *Correction:* The prompt shows `""Variable description"":`"
https://seshat-db.com/api/ec/luxury-food/,45,"Thinking Process:

1.  **Analyze the Request:**
    *   **Role:** History professor writing challenging questions for PhD students.
    *   **Task:** Create a challenging yet well-defined historical exam question based on a variable definition from a historical dataset.
    *   **Input:** Variable name: `Luxury_food`, Variable description: (Empty/Not provided in the prompt, but I need to infer or use the variable name as basis based on rule 1).
    *   **Rules:**
        1.  Begin with a concise explanation of the variable's definition (strictly adhering to provided description if available, otherwise use variable name). *Correction:* The prompt shows `""Variable description"":`"
https://seshat-db.com/api/ec/luxury-food/,46,"Thinking Process:

1.  **Analyze the Request:**
    *   **Role:** History professor writing challenging questions for PhD students.
    *   **Task:** Create a challenging yet well-defined historical exam question based on a variable definition from a historical dataset.
    *   **Input:** Variable name: `Luxury_food`, Variable description: (Empty/Not provided in the prompt, but I need to infer or use the variable name as basis based on rule 1).
    *   **Rules:**
        1.  Begin with a concise explanation of the variable's definition (strictly adhering to provided description if available, otherwise use variable name). *Correction:* The prompt shows `""Variable description"":`"
https://seshat-db.com/api/ec/luxury-food/,47,"Thinking Process:

1.  **Analyze the Request:**
    *   **Role:** History professor writing challenging questions for PhD students.
    *   **Task:** Create a challenging yet well-defined historical exam question based on a variable definition from a historical dataset.
    *   **Input:** Variable name: `Luxury_food`, Variable description: (Empty/Not provided in the prompt, but I need to infer or use the variable name as basis based on rule 1).
    *   **Rules:**
        1.  Begin with a concise explanation of the variable's definition (strictly adhering to provided description if available, otherwise use variable name). *Correction:* The prompt shows `""Variable description"":`"
https://seshat-db.com/api/ec/luxury-food/,48,"Thinking Process:

1.  **Analyze the Request:**
    *   **Role:** History professor writing challenging questions for PhD students.
    *   **Task:** Create a challenging yet well-defined historical exam question based on a variable definition from a historical dataset.
    *   **Input:** Variable name: `Luxury_food`, Variable description: (Empty/Not provided in the prompt, but I need to infer or use the variable name as basis based on rule 1).
    *   **Rules:**
        1.  Begin with a concise explanation of the variable's definition (strictly adhering to provided description if available, otherwise use variable name). *Correction:* The prompt shows `""Variable description"":`"
https://seshat-db.com/api/ec/luxury-food/,49,"Thinking Process:

1.  **Analyze the Request:**
    *   **Role:** History professor writing challenging questions for PhD students.
    *   **Task:** Create a challenging yet well-defined historical exam question based on a variable definition from a historical dataset.
    *   **Input:** Variable name: `Luxury_food`, Variable description: (Empty/Not provided in the prompt, but I need to infer or use the variable name as basis based on rule 1).
    *   **Rules:**
        1.  Begin with a concise explanation of the variable's definition (strictly adhering to provided description if available, otherwise use variable name). *Correction:* The prompt shows `""Variable description"":`"
https://seshat-db.com/api/ec/luxury-food/,50,"Thinking Process:

1.  **Analyze the Request:**
    *   **Role:** History professor writing challenging questions for PhD students.
    *   **Task:** Create a challenging yet well-defined historical exam question based on a variable definition from a historical dataset.
    *   **Input:** Variable name: `Luxury_food`, Variable description: (Empty/Not provided in the prompt, but I need to infer or use the variable name as basis based on rule 1).
    *   **Rules:**
        1.  Begin with a concise explanation of the variable's definition (strictly adhering to provided description if available, otherwise use variable name). *Correction:* The prompt shows `""Variable description"":`"
https://seshat-db.com/api/ec/luxury-food/,51,"Thinking Process:

1.  **Analyze the Request:**
    *   **Role:** History professor writing challenging questions for PhD students.
    *   **Task:** Create a challenging yet well-defined historical exam question based on a variable definition from a historical dataset.
    *   **Input:** Variable name: `Luxury_food`, Variable description: (Empty/Not provided in the prompt, but I need to infer or use the variable name as basis based on rule 1).
    *   **Rules:**
        1.  Begin with a concise explanation of the variable's definition (strictly adhering to provided description if available, otherwise use variable name). *Correction:* The prompt shows `""Variable description"":`"
https://seshat-db.com/api/ec/luxury-food/,52,"Thinking Process:

1.  **Analyze the Request:**
    *   **Role:** History professor writing challenging questions for PhD students.
    *   **Task:** Create a challenging yet well-defined historical exam question based on a variable definition from a historical dataset.
    *   **Input:** Variable name: `Luxury_food`, Variable description: (Empty/Not provided in the prompt, but I need to infer or use the variable name as basis based on rule 1).
    *   **Rules:**
        1.  Begin with a concise explanation of the variable's definition (strictly adhering to provided description if available, otherwise use variable name). *Correction:* The prompt shows `""Variable description"":`"
https://seshat-db.com/api/ec/luxury-food/,53,"Thinking Process:

1.  **Analyze the Request:**
    *   **Role:** History professor writing challenging questions for PhD students.
    *   **Task:** Create a challenging yet well-defined historical exam question based on a variable definition from a historical dataset.
    *   **Input:** Variable name: `Luxury_food`, Variable description: (Empty/Not provided in the prompt, but I need to infer or use the variable name as basis based on rule 1).
    *   **Rules:**
        1.  Begin with a concise explanation of the variable's definition (strictly adhering to provided description if available, otherwise use variable name). *Correction:* The prompt shows `""Variable description"":`"
https://seshat-db.com/api/ec/luxury-food/,54,"Thinking Process:

1.  **Analyze the Request:**
    *   **Role:** History professor writing challenging questions for PhD students.
    *   **Task:** Create a challenging yet well-defined historical exam question based on a variable definition from a historical dataset.
    *   **Input:** Variable name: `Luxury_food`, Variable description: (Empty/Not provided in the prompt, but I need to infer or use the variable name as basis based on rule 1).
    *   **Rules:**
        1.  Begin with a concise explanation of the variable's definition (strictly adhering to provided description if available, otherwise use variable name). *Correction:* The prompt shows `""Variable description"":`"
https://seshat-db.com/api/ec/luxury-food/,55,"Thinking Process:

1.  **Analyze the Request:**
    *   **Role:** History professor writing challenging questions for PhD students.
    *   **Task:** Create a challenging yet well-defined historical exam question based on a variable definition from a historical dataset.
    *   **Input:** Variable name: `Luxury_food`, Variable description: (Empty/Not provided in the prompt, but I need to infer or use the variable name as basis based on rule 1).
    *   **Rules:**
        1.  Begin with a concise explanation of the variable's definition (strictly adhering to provided description if available, otherwise use variable name). *Correction:* The prompt shows `""Variable description"":`"
https://seshat-db.com/api/ec/luxury-food/,56,"Thinking Process:

1.  **Analyze the Request:**
    *   **Role:** History professor writing challenging questions for PhD students.
    *   **Task:** Create a challenging yet well-defined historical exam question based on a variable definition from a historical dataset.
    *   **Input:** Variable name: `Luxury_food`, Variable description: (Empty/Not provided in the prompt, but I need to infer or use the variable name as basis based on rule 1).
    *   **Rules:**
        1.  Begin with a concise explanation of the variable's definition (strictly adhering to provided description if available, otherwise use variable name). *Correction:* The prompt shows `""Variable description"":`"
https://seshat-db.com/api/ec/luxury-food/,57,"Thinking Process:

1.  **Analyze the Request:**
    *   **Role:** History professor writing challenging questions for PhD students.
    *   **Task:** Create a challenging yet well-defined historical exam question based on a variable definition from a historical dataset.
    *   **Input:** Variable name: `Luxury_food`, Variable description: (Empty/Not provided in the prompt, but I need to infer or use the variable name as basis based on rule 1).
    *   **Rules:**
        1.  Begin with a concise explanation of the variable's definition (strictly adhering to provided description if available, otherwise use variable name). *Correction:* The prompt shows `""Variable description"":`"
https://seshat-db.com/api/ec/luxury-food/,58,"Thinking Process:

1.  **Analyze the Request:**
    *   **Role:** History professor writing challenging questions for PhD students.
    *   **Task:** Create a challenging yet well-defined historical exam question based on a variable definition from a historical dataset.
    *   **Input:** Variable name: `Luxury_food`, Variable description: (Empty/Not provided in the prompt, but I need to infer or use the variable name as basis based on rule 1).
    *   **Rules:**
        1.  Begin with a concise explanation of the variable's definition (strictly adhering to provided description if available, otherwise use variable name). *Correction:* The prompt shows `""Variable description"":`"
https://seshat-db.com/api/ec/luxury-food/,59,"Thinking Process:

1.  **Analyze the Request:**
    *   **Role:** History professor writing challenging questions for PhD students.
    *   **Task:** Create a challenging yet well-defined historical exam question based on a variable definition from a historical dataset.
    *   **Input:** Variable name: `Luxury_food`, Variable description: (Empty/Not provided in the prompt, but I need to infer or use the variable name as basis based on rule 1).
    *   **Rules:**
        1.  Begin with a concise explanation of the variable's definition (strictly adhering to provided description if available, otherwise use variable name). *Correction:* The prompt shows `""Variable description"":`"
https://seshat-db.com/api/ec/luxury-food/,60,"Thinking Process:

1.  **Analyze the Request:**
    *   **Role:** History professor writing challenging questions for PhD students.
    *   **Task:** Create a challenging yet well-defined historical exam question based on a variable definition from a historical dataset.
    *   **Input:** Variable name: `Luxury_food`, Variable description: (Empty/Not provided in the prompt, but I need to infer or use the variable name as basis based on rule 1).
    *   **Rules:**
        1.  Begin with a concise explanation of the variable's definition (strictly adhering to provided description if available, otherwise use variable name). *Correction:* The prompt shows `""Variable description"":`"
https://seshat-db.com/api/ec/luxury-food/,61,"Thinking Process:

1.  **Analyze the Request:**
    *   **Role:** History professor writing challenging questions for PhD students.
    *   **Task:** Create a challenging yet well-defined historical exam question based on a variable definition from a historical dataset.
    *   **Input:** Variable name: `Luxury_food`, Variable description: (Empty/Not provided in the prompt, but I need to infer or use the variable name as basis based on rule 1).
    *   **Rules:**
        1.  Begin with a concise explanation of the variable's definition (strictly adhering to provided description if available, otherwise use variable name). *Correction:* The prompt shows `""Variable description"":`"
https://seshat-db.com/api/ec/luxury-food/,62,"Thinking Process:

1.  **Analyze the Request:**
    *   **Role:** History professor writing challenging questions for PhD students.
    *   **Task:** Create a challenging yet well-defined historical exam question based on a variable definition from a historical dataset.
    *   **Input:** Variable name: `Luxury_food`, Variable description: (Empty/Not provided in the prompt, but I need to infer or use the variable name as basis based on rule 1).
    *   **Rules:**
        1.  Begin with a concise explanation of the variable's definition (strictly adhering to provided description if available, otherwise use variable name). *Correction:* The prompt shows `""Variable description"":`"
https://seshat-db.com/api/ec/luxury-food/,63,"Thinking Process:

1.  **Analyze the Request:**
    *   **Role:** History professor writing challenging questions for PhD students.
    *   **Task:** Create a challenging yet well-defined historical exam question based on a variable definition from a historical dataset.
    *   **Input:** Variable name: `Luxury_food`, Variable description: (Empty/Not provided in the prompt, but I need to infer or use the variable name as basis based on rule 1).
    *   **Rules:**
        1.  Begin with a concise explanation of the variable's definition (strictly adhering to provided description if available, otherwise use variable name). *Correction:* The prompt shows `""Variable description"":`"
https://seshat-db.com/api/ec/luxury-food/,64,"Thinking Process:

1.  **Analyze the Request:**
    *   **Role:** History professor writing challenging questions for PhD students.
    *   **Task:** Create a challenging yet well-defined historical exam question based on a variable definition from a historical dataset.
    *   **Input:** Variable name: `Luxury_food`, Variable description: (Empty/Not provided in the prompt, but I need to infer or use the variable name as basis based on rule 1).
    *   **Rules:**
        1.  Begin with a concise explanation of the variable's definition (strictly adhering to provided description if available, otherwise use variable name). *Correction:* The prompt shows `""Variable description"":`"
https://seshat-db.com/api/ec/luxury-food/,65,"Thinking Process:

1.  **Analyze the Request:**
    *   **Role:** History professor writing challenging questions for PhD students.
    *   **Task:** Create a challenging yet well-defined historical exam question based on a variable definition from a historical dataset.
    *   **Input:** Variable name: `Luxury_food`, Variable description: (Empty/Not provided in the prompt, but I need to infer or use the variable name as basis based on rule 1).
    *   **Rules:**
        1.  Begin with a concise explanation of the variable's definition (strictly adhering to provided description if available, otherwise use variable name). *Correction:* The prompt shows `""Variable description"":`"
https://seshat-db.com/api/ec/luxury-food/,66,"Thinking Process:

1.  **Analyze the Request:**
    *   **Role:** History professor writing challenging questions for PhD students.
    *   **Task:** Create a challenging yet well-defined historical exam question based on a variable definition from a historical dataset.
    *   **Input:** Variable name: `Luxury_food`, Variable description: (Empty/Not provided in the prompt, but I need to infer or use the variable name as basis based on rule 1).
    *   **Rules:**
        1.  Begin with a concise explanation of the variable's definition (strictly adhering to provided description if available, otherwise use variable name). *Correction:* The prompt shows `""Variable description"":`"
https://seshat-db.com/api/ec/luxury-food/,67,"Thinking Process:

1.  **Analyze the Request:**
    *   **Role:** History professor writing challenging questions for PhD students.
    *   **Task:** Create a challenging yet well-defined historical exam question based on a variable definition from a historical dataset.
    *   **Input:** Variable name: `Luxury_food`, Variable description: (Empty/Not provided in the prompt, but I need to infer or use the variable name as basis based on rule 1).
    *   **Rules:**
        1.  Begin with a concise explanation of the variable's definition (strictly adhering to provided description if available, otherwise use variable name). *Correction:* The prompt shows `""Variable description"":`"
https://seshat-db.com/api/ec/luxury-food/,68,"Thinking Process:

1.  **Analyze the Request:**
    *   **Role:** History professor writing challenging questions for PhD students.
    *   **Task:** Create a challenging yet well-defined historical exam question based on a variable definition from a historical dataset.
    *   **Input:** Variable name: `Luxury_food`, Variable description: (Empty/Not provided in the prompt, but I need to infer or use the variable name as basis based on rule 1).
    *   **Rules:**
        1.  Begin with a concise explanation of the variable's definition (strictly adhering to provided description if available, otherwise use variable name). *Correction:* The prompt shows `""Variable description"":`"
https://seshat-db.com/api/ec/luxury-food/,69,"Thinking Process:

1.  **Analyze the Request:**
    *   **Role:** History professor writing challenging questions for PhD students.
    *   **Task:** Create a challenging yet well-defined historical exam question based on a variable definition from a historical dataset.
    *   **Input:** Variable name: `Luxury_food`, Variable description: (Empty/Not provided in the prompt, but I need to infer or use the variable name as basis based on rule 1).
    *   **Rules:**
        1.  Begin with a concise explanation of the variable's definition (strictly adhering to provided description if available, otherwise use variable name). *Correction:* The prompt shows `""Variable description"":`"
https://seshat-db.com/api/ec/luxury-food/,70,"Thinking Process:

1.  **Analyze the Request:**
    *   **Role:** History professor writing challenging questions for PhD students.
    *   **Task:** Create a challenging yet well-defined historical exam question based on a variable definition from a historical dataset.
    *   **Input:** Variable name: `Luxury_food`, Variable description: (Empty/Not provided in the prompt, but I need to infer or use the variable name as basis based on rule 1).
    *   **Rules:**
        1.  Begin with a concise explanation of the variable's definition (strictly adhering to provided description if available, otherwise use variable name). *Correction:* The prompt shows `""Variable description"":`"
https://seshat-db.com/api/ec/luxury-food/,71,"Thinking Process:

1.  **Analyze the Request:**
    *   **Role:** History professor writing challenging questions for PhD students.
    *   **Task:** Create a challenging yet well-defined historical exam question based on a variable definition from a historical dataset.
    *   **Input:** Variable name: `Luxury_food`, Variable description: (Empty/Not provided in the prompt, but I need to infer or use the variable name as basis based on rule 1).
    *   **Rules:**
        1.  Begin with a concise explanation of the variable's definition (strictly adhering to provided description if available, otherwise use variable name). *Correction:* The prompt shows `""Variable description"":`"
https://seshat-db.com/api/ec/luxury-food/,72,"Thinking Process:

1.  **Analyze the Request:**
    *   **Role:** History professor writing challenging questions for PhD students.
    *   **Task:** Create a challenging yet well-defined historical exam question based on a variable definition from a historical dataset.
    *   **Input:** Variable name: `Luxury_food`, Variable description: (Empty/Not provided in the prompt, but I need to infer or use the variable name as basis based on rule 1).
    *   **Rules:**
        1.  Begin with a concise explanation of the variable's definition (strictly adhering to provided description if available, otherwise use variable name). *Correction:* The prompt shows `""Variable description"":`"
https://seshat-db.com/api/ec/luxury-food/,73,"Thinking Process:

1.  **Analyze the Request:**
    *   **Role:** History professor writing challenging questions for PhD students.
    *   **Task:** Create a challenging yet well-defined historical exam question based on a variable definition from a historical dataset.
    *   **Input:** Variable name: `Luxury_food`, Variable description: (Empty/Not provided in the prompt, but I need to infer or use the variable name as basis based on rule 1).
    *   **Rules:**
        1.  Begin with a concise explanation of the variable's definition (strictly adhering to provided description if available, otherwise use variable name). *Correction:* The prompt shows `""Variable description"":`"
https://seshat-db.com/api/ec/luxury-food/,74,"Thinking Process:

1.  **Analyze the Request:**
    *   **Role:** History professor writing challenging questions for PhD students.
    *   **Task:** Create a challenging yet well-defined historical exam question based on a variable definition from a historical dataset.
    *   **Input:** Variable name: `Luxury_food`, Variable description: (Empty/Not provided in the prompt, but I need to infer or use the variable name as basis based on rule 1).
    *   **Rules:**
        1.  Begin with a concise explanation of the variable's definition (strictly adhering to provided description if available, otherwise use variable name). *Correction:* The prompt shows `""Variable description"":`"
https://seshat-db.com/api/ec/luxury-food/,75,"Thinking Process:

1.  **Analyze the Request:**
    *   **Role:** History professor writing challenging questions for PhD students.
    *   **Task:** Create a challenging yet well-defined historical exam question based on a variable definition from a historical dataset.
    *   **Input:** Variable name: `Luxury_food`, Variable description: (Empty/Not provided in the prompt, but I need to infer or use the variable name as basis based on rule 1).
    *   **Rules:**
        1.  Begin with a concise explanation of the variable's definition (strictly adhering to provided description if available, otherwise use variable name). *Correction:* The prompt shows `""Variable description"":`"
https://seshat-db.com/api/ec/luxury-food/,76,"Thinking Process:

1.  **Analyze the Request:**
    *   **Role:** History professor writing challenging questions for PhD students.
    *   **Task:** Create a challenging yet well-defined historical exam question based on a variable definition from a historical dataset.
    *   **Input:** Variable name: `Luxury_food`, Variable description: (Empty/Not provided in the prompt, but I need to infer or use the variable name as basis based on rule 1).
    *   **Rules:**
        1.  Begin with a concise explanation of the variable's definition (strictly adhering to provided description if available, otherwise use variable name). *Correction:* The prompt shows `""Variable description"":`"
https://seshat-db.com/api/ec/luxury-food/,77,"Thinking Process:

1.  **Analyze the Request:**
    *   **Role:** History professor writing challenging questions for PhD students.
    *   **Task:** Create a challenging yet well-defined historical exam question based on a variable definition from a historical dataset.
    *   **Input:** Variable name: `Luxury_food`, Variable description: (Empty/Not provided in the prompt, but I need to infer or use the variable name as basis based on rule 1).
    *   **Rules:**
        1.  Begin with a concise explanation of the variable's definition (strictly adhering to provided description if available, otherwise use variable name). *Correction:* The prompt shows `""Variable description"":`"
https://seshat-db.com/api/ec/luxury-food/,78,"Thinking Process:

1.  **Analyze the Request:**
    *   **Role:** History professor writing challenging questions for PhD students.
    *   **Task:** Create a challenging yet well-defined historical exam question based on a variable definition from a historical dataset.
    *   **Input:** Variable name: `Luxury_food`, Variable description: (Empty/Not provided in the prompt, but I need to infer or use the variable name as basis based on rule 1).
    *   **Rules:**
        1.  Begin with a concise explanation of the variable's definition (strictly adhering to provided description if available, otherwise use variable name). *Correction:* The prompt shows `""Variable description"":`"
https://seshat-db.com/api/ec/luxury-food/,79,"Thinking Process:

1.  **Analyze the Request:**
    *   **Role:** History professor writing challenging questions for PhD students.
    *   **Task:** Create a challenging yet well-defined historical exam question based on a variable definition from a historical dataset.
    *   **Input:** Variable name: `Luxury_food`, Variable description: (Empty/Not provided in the prompt, but I need to infer or use the variable name as basis based on rule 1).
    *   **Rules:**
        1.  Begin with a concise explanation of the variable's definition (strictly adhering to provided description if available, otherwise use variable name). *Correction:* The prompt shows `""Variable description"":`"
https://seshat-db.com/api/ec/luxury-food/,80,"Thinking Process:

1.  **Analyze the Request:**
    *   **Role:** History professor writing challenging questions for PhD students.
    *   **Task:** Create a challenging yet well-defined historical exam question based on a variable definition from a historical dataset.
    *   **Input:** Variable name: `Luxury_food`, Variable description: (Empty/Not provided in the prompt, but I need to infer or use the variable name as basis based on rule 1).
    *   **Rules:**
        1.  Begin with a concise explanation of the variable's definition (strictly adhering to provided description if available, otherwise use variable name). *Correction:* The prompt shows `""Variable description"":`"
https://seshat-db.com/api/ec/luxury-food/,81,"Thinking Process:

1.  **Analyze the Request:**
    *   **Role:** History professor writing challenging questions for PhD students.
    *   **Task:** Create a challenging yet well-defined historical exam question based on a variable definition from a historical dataset.
    *   **Input:** Variable name: `Luxury_food`, Variable description: (Empty/Not provided in the prompt, but I need to infer or use the variable name as basis based on rule 1).
    *   **Rules:**
        1.  Begin with a concise explanation of the variable's definition (strictly adhering to provided description if available, otherwise use variable name). *Correction:* The prompt shows `""Variable description"":`"
https://seshat-db.com/api/ec/luxury-food/,82,"Thinking Process:

1.  **Analyze the Request:**
    *   **Role:** History professor writing challenging questions for PhD students.
    *   **Task:** Create a challenging yet well-defined historical exam question based on a variable definition from a historical dataset.
    *   **Input:** Variable name: `Luxury_food`, Variable description: (Empty/Not provided in the prompt, but I need to infer or use the variable name as basis based on rule 1).
    *   **Rules:**
        1.  Begin with a concise explanation of the variable's definition (strictly adhering to provided description if available, otherwise use variable name). *Correction:* The prompt shows `""Variable description"":`"
https://seshat-db.com/api/ec/luxury-food/,83,"Thinking Process:

1.  **Analyze the Request:**
    *   **Role:** History professor writing challenging questions for PhD students.
    *   **Task:** Create a challenging yet well-defined historical exam question based on a variable definition from a historical dataset.
    *   **Input:** Variable name: `Luxury_food`, Variable description: (Empty/Not provided in the prompt, but I need to infer or use the variable name as basis based on rule 1).
    *   **Rules:**
        1.  Begin with a concise explanation of the variable's definition (strictly adhering to provided description if available, otherwise use variable name). *Correction:* The prompt shows `""Variable description"":`"
https://seshat-db.com/api/ec/luxury-food/,84,"Thinking Process:

1.  **Analyze the Request:**
    *   **Role:** History professor writing challenging questions for PhD students.
    *   **Task:** Create a challenging yet well-defined historical exam question based on a variable definition from a historical dataset.
    *   **Input:** Variable name: `Luxury_food`, Variable description: (Empty/Not provided in the prompt, but I need to infer or use the variable name as basis based on rule 1).
    *   **Rules:**
        1.  Begin with a concise explanation of the variable's definition (strictly adhering to provided description if available, otherwise use variable name). *Correction:* The prompt shows `""Variable description"":`"
https://seshat-db.com/api/ec/luxury-food/,85,"Thinking Process:

1.  **Analyze the Request:**
    *   **Role:** History professor writing challenging questions for PhD students.
    *   **Task:** Create a challenging yet well-defined historical exam question based on a variable definition from a historical dataset.
    *   **Input:** Variable name: `Luxury_food`, Variable description: (Empty/Not provided in the prompt, but I need to infer or use the variable name as basis based on rule 1).
    *   **Rules:**
        1.  Begin with a concise explanation of the variable's definition (strictly adhering to provided description if available, otherwise use variable name). *Correction:* The prompt shows `""Variable description"":`"
https://seshat-db.com/api/ec/luxury-food/,86,"Thinking Process:

1.  **Analyze the Request:**
    *   **Role:** History professor writing challenging questions for PhD students.
    *   **Task:** Create a challenging yet well-defined historical exam question based on a variable definition from a historical dataset.
    *   **Input:** Variable name: `Luxury_food`, Variable description: (Empty/Not provided in the prompt, but I need to infer or use the variable name as basis based on rule 1).
    *   **Rules:**
        1.  Begin with a concise explanation of the variable's definition (strictly adhering to provided description if available, otherwise use variable name). *Correction:* The prompt shows `""Variable description"":`"
https://seshat-db.com/api/ec/luxury-food/,87,"Thinking Process:

1.  **Analyze the Request:**
    *   **Role:** History professor writing challenging questions for PhD students.
    *   **Task:** Create a challenging yet well-defined historical exam question based on a variable definition from a historical dataset.
    *   **Input:** Variable name: `Luxury_food`, Variable description: (Empty/Not provided in the prompt, but I need to infer or use the variable name as basis based on rule 1).
    *   **Rules:**
        1.  Begin with a concise explanation of the variable's definition (strictly adhering to provided description if available, otherwise use variable name). *Correction:* The prompt shows `""Variable description"":`"
https://seshat-db.com/api/ec/luxury-food/,88,"Thinking Process:

1.  **Analyze the Request:**
    *   **Role:** History professor writing challenging questions for PhD students.
    *   **Task:** Create a challenging yet well-defined historical exam question based on a variable definition from a historical dataset.
    *   **Input:** Variable name: `Luxury_food`, Variable description: (Empty/Not provided in the prompt, but I need to infer or use the variable name as basis based on rule 1).
    *   **Rules:**
        1.  Begin with a concise explanation of the variable's definition (strictly adhering to provided description if available, otherwise use variable name). *Correction:* The prompt shows `""Variable description"":`"
https://seshat-db.com/api/ec/luxury-food/,89,"Thinking Process:

1.  **Analyze the Request:**
    *   **Role:** History professor writing challenging questions for PhD students.
    *   **Task:** Create a challenging yet well-defined historical exam question based on a variable definition from a historical dataset.
    *   **Input:** Variable name: `Luxury_food`, Variable description: (Empty/Not provided in the prompt, but I need to infer or use the variable name as basis based on rule 1).
    *   **Rules:**
        1.  Begin with a concise explanation of the variable's definition (strictly adhering to provided description if available, otherwise use variable name). *Correction:* The prompt shows `""Variable description"":`"
https://seshat-db.com/api/ec/luxury-food/,90,"Thinking Process:

1.  **Analyze the Request:**
    *   **Role:** History professor writing challenging questions for PhD students.
    *   **Task:** Create a challenging yet well-defined historical exam question based on a variable definition from a historical dataset.
    *   **Input:** Variable name: `Luxury_food`, Variable description: (Empty/Not provided in the prompt, but I need to infer or use the variable name as basis based on rule 1).
    *   **Rules:**
        1.  Begin with a concise explanation of the variable's definition (strictly adhering to provided description if available, otherwise use variable name). *Correction:* The prompt shows `""Variable description"":`"
https://seshat-db.com/api/ec/luxury-food/,91,"Thinking Process:

1.  **Analyze the Request:**
    *   **Role:** History professor writing challenging questions for PhD students.
    *   **Task:** Create a challenging yet well-defined historical exam question based on a variable definition from a historical dataset.
    *   **Input:** Variable name: `Luxury_food`, Variable description: (Empty/Not provided in the prompt, but I need to infer or use the variable name as basis based on rule 1).
    *   **Rules:**
        1.  Begin with a concise explanation of the variable's definition (strictly adhering to provided description if available, otherwise use variable name). *Correction:* The prompt shows `""Variable description"":`"
https://seshat-db.com/api/ec/luxury-food/,92,"Thinking Process:

1.  **Analyze the Request:**
    *   **Role:** History professor writing challenging questions for PhD students.
    *   **Task:** Create a challenging yet well-defined historical exam question based on a variable definition from a historical dataset.
    *   **Input:** Variable name: `Luxury_food`, Variable description: (Empty/Not provided in the prompt, but I need to infer or use the variable name as basis based on rule 1).
    *   **Rules:**
        1.  Begin with a concise explanation of the variable's definition (strictly adhering to provided description if available, otherwise use variable name). *Correction:* The prompt shows `""Variable description"":`"
https://seshat-db.com/api/ec/luxury-food/,93,"Thinking Process:

1.  **Analyze the Request:**
    *   **Role:** History professor writing challenging questions for PhD students.
    *   **Task:** Create a challenging yet well-defined historical exam question based on a variable definition from a historical dataset.
    *   **Input:** Variable name: `Luxury_food`, Variable description: (Empty/Not provided in the prompt, but I need to infer or use the variable name as basis based on rule 1).
    *   **Rules:**
        1.  Begin with a concise explanation of the variable's definition (strictly adhering to provided description if available, otherwise use variable name). *Correction:* The prompt shows `""Variable description"":`"
https://seshat-db.com/api/ec/luxury-food/,94,"Thinking Process:

1.  **Analyze the Request:**
    *   **Role:** History professor writing challenging questions for PhD students.
    *   **Task:** Create a challenging yet well-defined historical exam question based on a variable definition from a historical dataset.
    *   **Input:** Variable name: `Luxury_food`, Variable description: (Empty/Not provided in the prompt, but I need to infer or use the variable name as basis based on rule 1).
    *   **Rules:**
        1.  Begin with a concise explanation of the variable's definition (strictly adhering to provided description if available, otherwise use variable name). *Correction:* The prompt shows `""Variable description"":`"
https://seshat-db.com/api/ec/luxury-food/,95,"Thinking Process:

1.  **Analyze the Request:**
    *   **Role:** History professor writing challenging questions for PhD students.
    *   **Task:** Create a challenging yet well-defined historical exam question based on a variable definition from a historical dataset.
    *   **Input:** Variable name: `Luxury_food`, Variable description: (Empty/Not provided in the prompt, but I need to infer or use the variable name as basis based on rule 1).
    *   **Rules:**
        1.  Begin with a concise explanation of the variable's definition (strictly adhering to provided description if available, otherwise use variable name). *Correction:* The prompt shows `""Variable description"":`"
https://seshat-db.com/api/ec/luxury-food/,96,"Thinking Process:

1.  **Analyze the Request:**
    *   **Role:** History professor writing challenging questions for PhD students.
    *   **Task:** Create a challenging yet well-defined historical exam question based on a variable definition from a historical dataset.
    *   **Input:** Variable name: `Luxury_food`, Variable description: (Empty/Not provided in the prompt, but I need to infer or use the variable name as basis based on rule 1).
    *   **Rules:**
        1.  Begin with a concise explanation of the variable's definition (strictly adhering to provided description if available, otherwise use variable name). *Correction:* The prompt shows `""Variable description"":`"
https://seshat-db.com/api/ec/luxury-food/,97,"Thinking Process:

1.  **Analyze the Request:**
    *   **Role:** History professor writing challenging questions for PhD students.
    *   **Task:** Create a challenging yet well-defined historical exam question based on a variable definition from a historical dataset.
    *   **Input:** Variable name: `Luxury_food`, Variable description: (Empty/Not provided in the prompt, but I need to infer or use the variable name as basis based on rule 1).
    *   **Rules:**
        1.  Begin with a concise explanation of the variable's definition (strictly adhering to provided description if available, otherwise use variable name). *Correction:* The prompt shows `""Variable description"":`"
https://seshat-db.com/api/ec/luxury-food/,98,"Thinking Process:

1.  **Analyze the Request:**
    *   **Role:** History professor writing challenging questions for PhD students.
    *   **Task:** Create a challenging yet well-defined historical exam question based on a variable definition from a historical dataset.
    *   **Input:** Variable name: `Luxury_food`, Variable description: (Empty/Not provided in the prompt, but I need to infer or use the variable name as basis based on rule 1).
    *   **Rules:**
        1.  Begin with a concise explanation of the variable's definition (strictly adhering to provided description if available, otherwise use variable name). *Correction:* The prompt shows `""Variable description"":`"
https://seshat-db.com/api/ec/luxury-food/,99,"Thinking Process:

1.  **Analyze the Request:**
    *   **Role:** History professor writing challenging questions for PhD students.
    *   **Task:** Create a challenging yet well-defined historical exam question based on a variable definition from a historical dataset.
    *   **Input:** Variable name: `Luxury_food`, Variable description: (Empty/Not provided in the prompt, but I need to infer or use the variable name as basis based on rule 1).
    *   **Rules:**
        1.  Begin with a concise explanation of the variable's definition (strictly adhering to provided description if available, otherwise use variable name). *Correction:* The prompt shows `""Variable description"":`"
https://seshat-db.com/api/ec/luxury-food/,100,"Thinking Process:

1.  **Analyze the Request:**
    *   **Role:** History professor writing challenging questions for PhD students.
    *   **Task:** Create a challenging yet well-defined historical exam question based on a variable definition from a historical dataset.
    *   **Input:** Variable name: `Luxury_food`, Variable description: (Empty/Not provided in the prompt, but I need to infer or use the variable name as basis based on rule 1).
    *   **Rules:**
        1.  Begin with a concise explanation of the variable's definition (strictly adhering to provided description if available, otherwise use variable name). *Correction:* The prompt shows `""Variable description"":`"
https://seshat-db.com/api/ec/luxury-food/,101,"Thinking Process:

1.  **Analyze the Request:**
    *   **Role:** History professor writing challenging questions for PhD students.
    *   **Task:** Create a challenging yet well-defined historical exam question based on a variable definition from a historical dataset.
    *   **Input:** Variable name: `Luxury_food`, Variable description: (Empty/Not provided in the prompt, but I need to infer or use the variable name as basis based on rule 1).
    *   **Rules:**
        1.  Begin with a concise explanation of the variable's definition (strictly adhering to provided description if available, otherwise use variable name). *Correction:* The prompt shows `""Variable description"":`"
https://seshat-db.com/api/ec/luxury-food/,102,"Thinking Process:

1.  **Analyze the Request:**
    *   **Role:** History professor writing challenging questions for PhD students.
    *   **Task:** Create a challenging yet well-defined historical exam question based on a variable definition from a historical dataset.
    *   **Input:** Variable name: `Luxury_food`, Variable description: (Empty/Not provided in the prompt, but I need to infer or use the variable name as basis based on rule 1).
    *   **Rules:**
        1.  Begin with a concise explanation of the variable's definition (strictly adhering to provided description if available, otherwise use variable name). *Correction:* The prompt shows `""Variable description"":`"
